ticket_id,customer_message,agent_notes,driver_label,review_status
TK-244465,not what i expectted from vireo. got my pulse 2 from flipkart 2 weeks ago. pomo code shows invalid. i already tried on app and website. this is the last time i buy from you.,issue: coupon not applied | checked cart eligibility -> refunded rs 525,other,classified
TK-243654,"product: the airlite buds
order: vr883083
purchased: june 01
issue: not receiving otp to login
tried: tried on another browser
expected: fix","1. Login issue
2. Checked number on account
3. Number updated, resolved",delivery/order issue,classified
TK-244835,"hey
firmware update is stuck at 67%
the pulse 2 earbuds","update hagn | chk fw 3.2.5 rollout -> rplc approved, reverse pickup arranged [closed]",other,classified
TK-247382,"hi
disttorted audio at high volume
the mini speaker","cx reached out - crackling/distortion. Asked for a recording. xfer to Logistics. adv EQ reset, resolved.",product fault,classified
TK-251409,"team,
card charged two times
please jaldi
the airlite buds",duplicate refunded to source. issue: duplicate payment. chk pg for duplicate txn. [closed],refund/payment,classified
TK-253323,"PRODUCT: NEXA 2
ORDER: VR895588
PURCHASED: 06/06
ISSUE: IT HAS BEEN 4 DAYS AND I HAVE NOTHING IN HAND
TRIED: CHECKED WITH NEIGHBOURS
EXPECTED: REPLACEMENT",cx: shipment not rcvd | raised ticket with crr partner -> refund initiated as lost in transit,delivery/order issue,classified
TK-245546,"hi there, i bought pulse2 on 21/09. the progress bar has not moved since morning. i kept it in the case. nohing changed. i want a replacement. rgds payal shah",resolved on call ~Harpreet,warranty,classified
TK-251167,this is very disappointing. ordered the pulse 2 earbuds a month ago. microphone is very low on the the pulse 2 earbuds. i already tried different apps. this is the last time i buy from you.,Replacement raised. Issue: mic issue. Tested on call w/ cx.,delivery/order issue,classified
TK-243826,refund was promised 20 days ago & nothing. VR907222,Refund confirmed credited. Issue: refund pending. Checked reverse pickup QC status.,delivery/order issue,classified
TK-245050,This is very disappointing. Ordered my Pulse 2 in September. product arrived damaged. I already refused nothing as I didn't notice till later. This is the last time I buy from you.,"1. Damaged in transit
2. Photos received, damage conf
3. rplc dispatched",delivery/order issue,classified
TK-249890,"hello vireo, bought nexa 2 around 13-10-2025 from vireo.in. locked out of my own account since 10 days ago. i tried 5 times. kindly look into it. rgds",cx reached out - login issue. Checked number on account. Account unlocked. -YA,account/payment,classified
TK-245878,firmware update is stuck at 99%. please resolve aspa,Ticket raised for firmware update failed. Asked cx to keep in case 30 min. Recovery successful. Cx informed.,other,classified
TK-252945,"hey
my order has not been delivered yet
the pulse 2 earbuds
anyone there","1. delivery delayed
2. conf address with cx
3. courier conf deliery for 26 may, cx informed //OM",delivery/order issue,classified
TK-251295,"helo
want to cancel my order
the pulse 2 earbuds","cx: cancellation request | cancelled before dispatch -> already shipped, adv rto/return ~Neha",delivery/order issue,classified
TK-248440,before I buy - will this talk to a 2019 Samsung,ticket raised for compatibility query. shared spec sheet. cx satisfied. //FAR,other,classified
TK-242941,"dear sir/madam,

i am writing w/ reference to my order of orbit mini (vr894026) placed on 14 mar. cancel order vr894026. i have tried cancel button, greyed out. i request u to look into this matter at the earliest.

yours faithfully,
nikhil yadav",Cx reported order cancellation. Checked shipment status. Refunded Rs 2499.,delivery/order issue,classified
TK-252293,"HELO
GOES FROM FULL TO EMPTY DURING ONE COMMUTE
THE NECKBAND VR887055
HELP",contact re rapid battery drain. adv disabling anc/aod to test. rplc raised after test. cx satisfied on chat.,other,classified
TK-248631,"hii
payment was deducted but no order was created
replaecment case VR885917",Refund processed to source. Issue: failed order after payment. Checked PG dashboard for txn. [closed],delivery/order issue,classified
TK-249203,"to the vireo customer care team,

i am writing with reference to my order of nexa fit placed on 10/01. i haven't received my order. i have checked with neighbours. i request you to look into this matter at the earliest.

regards,
daniel yadav
kolkata",Customer reached out - shipment not received. Checked AWB with courier. Re-shipped from warehouse.,delivery/order issue,classified
TK-242172,wrogn proudct delviered - VR898920 - need this sorted this wek,Replacement dispatched. Issue: wrong item delivered. Verified order vs delivered item photos. (SOP 4.2),other,classified
TK-241809,"hi
waant to cancel my order
nexa fit
hello??",re: cancellation request | cancelled before dispatch -> refunded rs 270,delivery/order issue,classified
TK-243903,"bhai
received damaged product
last month se
my strata 2 headphones",Customer reached out - unit received damaged. chk witth courier for damage claim. Replacement dispatched.,delivery/order issue,classified
TK-247764,Tis is regarding the Pulse 2 earbuds. The invoice PDF link gives a 404. Can someone fix this? Thnks Ishaan Gupta,customer states invoice query. regenerated invoice. transferred to email frontline. invoice emailed. //FAR,refund/payment,classified
TK-240315,"Product: teh cable
Order: VR901370
Purchased: 24/01
Issue: received damageed product
Tried: refused nothing as I didn't notice tlil later
Expected: replacement","1. unit received damaged
2. photos received, damage confirmed
3. rfnd approved, rs 359, 5-7 working days //OM",delivery/order issue,classified
TK-249800,"Dear team, Bought airlite earbuds around 03 Feb from vireo.in.  Typo in the flat number, courier will never find it. What do I do now? Thanks in advance",address updated. issue: wrong pincode. updated address with courier.,other,classified
TK-240442,"paid via UPI, amount deducted, no order confirmation - VR882349 - can someone fix this?",Refund of Rs 1349 initiated to source. Issue: failed order after payment. Asked for UTR. [closed],delivery/order issue,classified
TK-243182,"hello
update my shipping address
pulse 1
pls reply",Address updated. Issue: address change request. Updated address with courier.,other,classified
TK-250116,MONEY DEBITED BUT ORDDER NOT SHOWING - VR886382,"1. Payment debited, no order
2. Asked for UTR
3. Order manually created [closed]",other,classified
TK-245791,Reaally frustrating. Bought Strata 3 around 08 Oct from vireo.in. coupon code not working. I already tried on app and website. This is teh last time I buy from you,"promo code invalid | chk cart eligibility -> adv coupon terms, resolved",refund/payment,classified
TK-242572,speaker not powering on at all - VR894160,rslvd on call,product fault,classified
TK-251898,"hello
locked out of my own account since last week
nexa watch
urgent",done,account/payment,classified
TK-250842,"hello
my bank shows the same amount twice on the same day
pls reply",Refund processed. Issue: duplicate payment. Confirmed UTRs. [closed],other,classified
TK-250298,"Hi,
Bought Orbit speaker around 04-02-2026 from vireo.in. Packed the box a week ago and it's still here.
I called courier. Nothing changed.
Really frustrating.
Please advise.
Thanks & regards",pkp rescheduled for 28 feb. issue: pkp not done. re-raised pkp w/ crr. ~Amit,product fault,classified
TK-253906,"callers keep asking me to repeat myself since 2 weeks ago, vr887704",resolved on call [closed],other,classified
TK-248292,"order not delivered, tracking not updating","crr coonf dlvry for 31 Dec, cx informed. Issue: shipment not received. chk AWB w/ crr. ~Sunita",delivery/order issue,classified
TK-252848,"hi there,
got orbit speaker from flipkart last week.  can i connect two orbit speaker together.
waiting for your reply.
thank you pooja varghese",cx: compatibility query | shared compatibility info -> cx satisfied,product fault,classified
TK-249341,"product: the pulse 2 earbuds
order: vr890824
purchased: 03 jan
issue: since the last update the app just shows a white screen
tried: updated phone
expected: callback","Reported: app crashing. Known issue on Android 14 - bug logged. Bug logged, workaround shared. ~Sai",delivery/order issue,classified
TK-242896,"Hi Vireo support,
Got the Pulse buds from vireo.in last month. The Vireo app keeps crashing.
Need this sorted this week.
Thank you,","Cleared cache, resolved. Issue: app crash on device page. Asked for phone model + OS.",other,classified
TK-240551,"Hi Vireo support, Got AirLite from Amazon last month. The progress bar has not moved since morning. I kept phone nearby. Nothing changed. Please call me on my registered number. Thanks in advance",Update completed after retry. Issue: update hang. Walked through rceovery mode.,other,classified
TK-252462,"hi team, got the pulse busd form vireo.in last week.  piad on 07-05-2026, still waiting for something to show up. i checked the tracking pgae daily. nothing changed. pathetic experience honestly. i want my money back.","customer states ord not delivered. raised ticket with crr partner. rto conf, reshipped. will monitor. //OM",delivery/order issue,classified
TK-251132,I HAVEN'T RCEEIVED MY ORDER,"1. Delivery delayed
2. Raised ticket w/ courier partner
3. Re-shipped from warehouse",delivery/order issue,classified
TK-244883,This is regarding the Orbit smart speaker. Received damaged product. I refused nothing as I didn't notice till later. Nothing changed. How do I get this fixed? Regards Lakshmi Mittal,"1. unit received damagd
2. checked with courier for damagge cliam
3. refund approved, rs 11398, 5-7 working days",delivery/order issue,classified
TK-246705,"Hi,
Ordered the strata 3 3 weeks back. Battery draining even when not in use.
Please resolve asap.
Please revetr","1. poor battery backup
2. advised disabling anc/aod to test
3. fw update pushed, advised to monitor",delivery/order issue,classified
TK-251606,"product arrived damaged
VR884021","full refund procsesed (1999). issue: transit damage. photos received, damage confirmed.",delivery/order issue,classified
TK-245182,"Dear Sir/Madam,

I am writing w/ reference to my order of Nexa 2 (VR890013) placed on 31 Jul. Your site keeps saying it sent me a code & my phone disagrees. I have tried 5 times. I request u to kindly arrange a replacement.

Regards,
Vihaaan Ansari
Lucknow","unable to log in | checked otp logs -> otp resent, cx logged in (SOP 3.1)",delivery/order issue,classified
TK-249652,"only one side plays sound, please call me on my registered number",replacement raised ~Steven,other,classified
TK-240145,"Hi,
I bought the neckband on 04-01-2025.  Discount was not applied at checkout.
I want my money back.
Thank you, Nisha",Store credit issued. Issue: coupon not applied. Checked coupon validity. [closed],promotion,classified
TK-243712,really frustrating. ordered my pulse 2 weeks ago. coupon code not working. i already tried on app and website. fix this or i am posting on twitter.,coupon not applied | chk coupon validity -> store credit issued [closed],delivery/order issue,classified
TK-241611,"Product: Orbit speaker
Purchased: March 23
Issue: no update on my repair
Tried: called service centre
Expected: refund",Replacement approved & dispatched. Issue: RMA status query. Followed up with service centre. -KM,delivery/order issue,classified
TK-244917,Got Orbit Mini from Amazon recently.  Received the wrong item. I checked the invoice. Please help.,Reported: wrong item delivered. Verified order vs delivered item photos. Replacement dispatched.,refund/payment,classified
TK-253838,"hii
battery life has dropped to almost nothing
pulse earbuds vr893456
pls reply",re: poor battery backup | advised disabling anc/aod to test -> replacement raised after test | xfer escalations & wty -KM,product fault,classified
TK-251408,"i bought my pulse 2 on february 03.  it goes silent for a second every few minutes and coms back.
i turned off wifi. nothnig changed.
i am losing patience.
kindly look into it.
thanks",sorted,other,classified
TK-249505,"left bud won't charge evne after keeping it in the case overnight, i want my money back",Cx reported L bud no charge in case. Asked cx to clean charging pins. xfer to Logistics. Replacement raised for the bud.,refund/payment,classified
TK-241450,[IVR transcript] helo want to cancel my order nexa 2,"Cancelled, refund initiated. Issue: cancel order. Cancelled before dispatch.",delivery/order issue,classified
TK-245797,battery backup is terrible now. how do i get this fixed?,"Reported: rapid battery drain. Checked usage pattern w/ cx. FW update pushed, adv to monitor.",product fault,classified
TK-247007,Really frustrating. Ordered Pulse 2 10 days ago. my bank says Rs 2499 went to you but your site says I have no orders. I already tried logging out and in. Escalate this to someone senior.,"amount deducted without order | checked pg dashboard for txn -> refund approved, rs 3324, 5-7 working days",delivery/order issue,classified
TK-241325,BLUETOOTH PAIRING FAILS EVERY TIME,"re-pair successful, resolved on chat. issue: device not discoverable. walked through forget + re-pair.",product fault,classified
TK-246454,"product: airlite earrbuds
order: vr891953
purchased: august 01
issue: the vireo app keeps crashing
tried: cleaared cache
expected: refund","re: app crash on device page | known issue on android 14 - bug logged -> bug logged, workaround shared [closed]",delivery/order issue,classified
TK-242681,pathetic experience honestly.  got pulse 1 from amazon in may. it connects for a second and then vanishes from the device list. i already restarted the phone. refund. now,sorted ~Steven,delivery/order issue,classified
TK-253420,"[IVR transcript] hello change of mind, please stop the shipment the strata 3 vr889032 anyone there","cx: cancellation request | checked shipment status -> already shipped, advised rto/return //KUN",delivery/order issue,classified
TK-243608,"I am losing patience. the mini speaker purchased in July, order VR886675. package not delivered even after 14 days. I already checked w/ neighbours. This is the last tme I buy from you.","1. order not delivered
2. chk awb with courier
3. rto conf, reshipped",delivery/order issue,classified
TK-243315,"hello
need gst invoice for my order
pls reply",GST invoice regenerated and shared. Issue: invoice query. Regenerated invoice. [closed],delivery/order issue,classified
TK-243419,"Product: my Nexa 2 watch
Order: VR902449
Purchased: 24 Jul
Issue: the invoice PDF link gives a 404
Tried: tried different browser
Expected: fix",Invoice emailed. Issue: invoice query. Updated GSTIN on order. [closed],delivery/order issue,classified
TK-243723,"[IVR transcript] battery drains very fast, barely lasts 2 hours - please call me on my registered number","1. Battery draining fast
2. Checked usage pattern w/ cx
3. Advised settings change, cx satisfied",product fault,classified
TK-250637,"hi vireo support,
i bought pulse 2 on february 02.  app not opening after update.
i wnt a replacement.
rgds yash","issue: app crash on device page | asked for phone model + os -> bug logged, workaround shared",warranty,classified
TK-252289,"dear team, i bought strata 3 on april 21. return pickup has not happened. i called courier. nothing changed. please advise. please revert,",cx ok,other,classified
TK-244299,money debited but order not showing - vr889100,cx: failed ord after payment | chk pg dashboard for txn -> full rfnd processed (6649) [closed],delivery/order issue,classified
TK-248290,"ordered the wrong colour, don't ship it
VR884458",rslvd on call ~Harpreet,delivery/order issue,classified
TK-241489,"Product: the AirLite buds
Order: VR905902
Purchased: 14/01
Issue: sounds like a badly tuned radio now
Tried: tried differennt apps
Expected: resolution","cx: crackling/distortion | checked w/ different source -> adv eq reset, resolved ~Neha",delivery/order issue,classified
TK-240796,"hello ji
wlil this survive a shower
abhi tak kuch nahi hua
kidly do the needful",cust contacted re product enquiry. shared spec sheet. cx satisfied. follow-up not required.,other,classified
TK-250710,This is very disappointing.  Bought my Nexa 2 watch around 11 Mar from vireo.in. will this survive a shower. Fix this or I am posting on twitter.,contact re pre-sales query. shared compatibility info. query answered. //FAR,other,classified
TK-240625,"HEY
BEFORE I BUY - WILL THIS TALK TO A 2019 SAMSUNG
KINDLY DO THE NEEDFUL",contact re pre-sales query. shared spec sheet. query answered. cx informed.,other,classified
TK-245002,"product: the pulse 2 earbuds
purchased: 20/08
issue: it connects for a second and then vanishse from the device lits
tried: forgot the devce and tried again
expected: replacement","customer states pairing failure. asked cx to reset the device. re-pair successful, resolved on chat. //FAR",warranty,classified
TK-244191,"hello vireo,
orer vr903992 (pulse2). tracking has said out for delivery for a wek now.
i called the courier.
waiting for your reply.",Re-shipped from warehouse. Issue: delivery delayed. chk AWB w/ courier.,delivery/order issue,classified
TK-247463,"Product: Pulse 2
Order: VR887650
Purchased: 01/12
Issue: before I buy - will this talk to a 2019 Samsung
Expected: refnud","1. Compatibility query
2. Shared compatibility info
3. Transferred to Email Frontline
4. Query answered",delivery/order issue,classified
TK-246081,"dear sir/madam,

i am writing with reference to my order of nexa fit placed on 23-10-2025. order status stuck on shipped since 23-10-2025. i have checked the tracking page daily. i request you to provide a resolution within 3 working days.

regards,
saanvi singh
chandigarh",re-shipped from warehouse,delivery/order issue,classified
TK-247421,"Product: my Nexa 2 watch
Purchased: 24/11
Issue: paid via UPI, amount deducted, no order confirmatioon
Tried: waited 24 hours
Expected: fix","cx: payment debited, no order | asked for utr -> auto-rfnd conf within 5-7 days",delivery/order issue,classified
TK-242381,i ordered my strata 3 headphones and got something else,"1. wrong item delivered
2. verified order vs delivered item photos
3. refunded rs 5599 //OM",delivery/order issue,classified
TK-242738,"hi
your ad said 20% off and the cart says full price
my pulse VR897612",Partial refund of discount amount issued. Issue: discount not applied. Checked coupon validity. [closed],other,classified
TK-245256,"Really frustrating. I bought the AirrLite buds on 18-09-2025. is the AirLite buds compatible w/ my TV. I want a replacement or refund, nothing else.",Customer states compatibility query. Shared compatibility info. Cx satisfied.,delivery/order issue,classified
