theme_id,tickets,share,top_terms,example_message
4,6877,0.6157220879219267,"nexa, phone, number, earbuds, bought, buds",my order has not been delviered yet
3,2098,0.18784134658429583,"refund, ago, days ago, days, got, honestly","refund was promiseed 8 days ago and nothing, VR896102"
1,934,0.08362431730683141,"app, device, update, old, shows, editing","my dad has an old nokia, will the watch app run - vr904257"
2,855,0.07655116841257051,"delivered, tracking, updating, delivered tracking, tracking updating, package","hello
order not delivered, tracking not updating"
5,405,0.0362610797743755,"cancel, button, cancel button, button greyed, greyed, ordered","Product: pulse 2 buds
Order: VR905275
Purchased: May 19
Issue: please cancel, ordered by mistake
Tried: tried cancel button, greyed out
Expected: refund"
